dominio,dia,mes,año,categoria,seccion,condicional_alertamiento,url,conclusion
fondos-qa.apps.ambientesbc.com,5,9,2024,HACKING TOOL,FUZZING WEB,"""statuscode"":""200""",fondos-qa.apps.ambientesbc.com,/main.js
generador-claves-contingencia-qa.apps.ambientesbc.com,5,9,2024,HACKING TOOL,FUZZING WEB,"""responses"": []",generador-claves-contingencia-qa.apps.ambientesbc.com,El fuzzing web no ha detectado rutas ocultas
fondos-qa.apps.ambientesbc.com,5,9,2024,HACKING TOOL,FUZZING WEB,"""statuscode"":""200""",fondos-qa.apps.ambientesbc.com,/main.js
fondos-qa.apps.ambientesbc.com,5,9,2024,HACKING TOOL,FUZZING WEB,"""statuscode"":""200""",fondos-qa.apps.ambientesbc.com,/main.js
generador-claves-contingencia-qa.apps.ambientesbc.com,5,9,2024,HACKING TOOL,FUZZING WEB,"""responses"": []",generador-claves-contingencia-qa.apps.ambientesbc.com,El fuzzing web no ha detectado rutas ocultas
generador-claves-contingencia-qa.apps.ambientesbc.com,5,9,2024,HACKING TOOL,FUZZING WEB,"""responses"": []",generador-claves-contingencia-qa.apps.ambientesbc.com,El fuzzing web no ha detectado rutas ocultas
fondos-qa.apps.ambientesbc.com,5,9,2024,HACKING TOOL,FUZZING WEB,"""statuscode"":""200""",fondos-qa.apps.ambientesbc.com,/main.js
serenityreport.apps.bancolombia.com,5,9,2024,API,SSL,ssl-key-size < 1024,serenityreport.apps.bancolombia.com,"El certificado puede ser sensible a ataques de fuerza bruta , algoritmo de cifrado debil"
serenityreport.apps.bancolombia.com,5,9,2024,HACKING TOOL,NMAP,Discovered open port diferente a puertos habituales 22,serenityreport.apps.bancolombia.com,Se ha detectado el puerto 22 expuesto
serenityreport.apps.bancolombia.com,5,9,2024,HACKING TOOL,FUZZING WEB,"""statuscode"":""200""",serenityreport.apps.bancolombia.com,/cp.webp
serenityreport.apps.bancolombia.com,5,9,2024,HACKING TOOL,FUZZING WEB,"""statuscode"":""200""",serenityreport.apps.bancolombia.com,/a.tgz
serenityreport.apps.bancolombia.com,5,9,2024,HACKING TOOL,FUZZING WEB,"""statuscode"":""200""",serenityreport.apps.bancolombia.com,/library.php
serenityreport.apps.bancolombia.com,5,9,2024,HACKING TOOL,FUZZING WEB,"""statuscode"":""200""",serenityreport.apps.bancolombia.com,/contacts.tgz
serenityreport.apps.bancolombia.com,5,9,2024,HACKING TOOL,FUZZING WEB,"""statuscode"":""200""",serenityreport.apps.bancolombia.com,/clientscript.gz
serenityreport.apps.bancolombia.com,5,9,2024,HACKING TOOL,FUZZING WEB,"""statuscode"":""200""",serenityreport.apps.bancolombia.com,/image/x-icon
serenityreport.apps.bancolombia.com,5,9,2024,HACKING TOOL,FUZZING WEB,"""statuscode"":""200""",serenityreport.apps.bancolombia.com,/calendar.gz
serenityreport.apps.bancolombia.com,5,9,2024,HACKING TOOL,FUZZING WEB,"""statuscode"":""200""",serenityreport.apps.bancolombia.com,/cp.svg
serenityreport.apps.bancolombia.com,5,9,2024,HACKING TOOL,FUZZING WEB,"""statuscode"":""200""",serenityreport.apps.bancolombia.com,/a.webp
serenityreport.apps.bancolombia.com,5,9,2024,HACKING TOOL,FUZZING WEB,"""statuscode"":""200""",serenityreport.apps.bancolombia.com,/poll.json
serenityreport.apps.bancolombia.com,5,9,2024,HACKING TOOL,FUZZING WEB,"""statuscode"":""200""",serenityreport.apps.bancolombia.com,/product_compare.tgz
serenityreport.apps.bancolombia.com,5,9,2024,HACKING TOOL,FUZZING WEB,"""statuscode"":""200""",serenityreport.apps.bancolombia.com,/upgrade.json
serenityreport.apps.bancolombia.com,5,9,2024,HACKING TOOL,FUZZING WEB,"""statuscode"":""200""",serenityreport.apps.bancolombia.com,/library.js
serenityreport.apps.bancolombia.com,5,9,2024,HACKING TOOL,FUZZING WEB,"""statuscode"":""200""",serenityreport.apps.bancolombia.com,/contacts.webp
serenityreport.apps.bancolombia.com,5,9,2024,HACKING TOOL,FUZZING WEB,"""statuscode"":""200""",serenityreport.apps.bancolombia.com,/public.webp
serenityreport.apps.bancolombia.com,5,9,2024,HACKING TOOL,FUZZING WEB,"""statuscode"":""200""",serenityreport.apps.bancolombia.com,/calendar.tgz
serenityreport.apps.bancolombia.com,5,9,2024,HACKING TOOL,FUZZING WEB,"""statuscode"":""200""",serenityreport.apps.bancolombia.com,/library.txt
serenityreport.apps.bancolombia.com,5,9,2024,HACKING TOOL,FUZZING WEB,"""statuscode"":""200""",serenityreport.apps.bancolombia.com,/poll.php
serenityreport.apps.bancolombia.com,5,9,2024,HACKING TOOL,FUZZING WEB,"""statuscode"":""200""",serenityreport.apps.bancolombia.com,/upgrade.php
serenityreport.apps.bancolombia.com,5,9,2024,HACKING TOOL,FUZZING WEB,"""statuscode"":""200""",serenityreport.apps.bancolombia.com,/product_compare.webp
serenityreport.apps.bancolombia.com,5,9,2024,HACKING TOOL,FUZZING WEB,"""statuscode"":""200""",serenityreport.apps.bancolombia.com,/a.svg
ec2-54-235-41-219.compute-1.amazonaws.com,5,9,2024,API,SSL,Certificado SSL con algoritmo  en lugar de SHA256,ec2-54-235-41-219.compute-1.amazonaws.com,El certificado SSL usa un algoritmo () que no es el estándar seguro SHA256
ec2-54-235-41-219.compute-1.amazonaws.com,5,9,2024,API,SSL,issued_to no coincide con la url,ec2-54-235-41-219.compute-1.amazonaws.com,La firma del certificado no coincide que sea firmado para la url 
ec2-54-235-41-219.compute-1.amazonaws.com,5,9,2024,API,SSL,valid-days_to_expire < 120 dias,ec2-54-235-41-219.compute-1.amazonaws.com,El certificado puede expirar en los 120 dias restantes
ec2-54-235-41-219.compute-1.amazonaws.com,5,9,2024,API,SSL,ssl-key-size < 1024,ec2-54-235-41-219.compute-1.amazonaws.com,"El certificado puede ser sensible a ataques de fuerza bruta , algoritmo de cifrado debil"
ec2-54-235-41-219.compute-1.amazonaws.com,5,9,2024,HACKING TOOL,NMAP,Discovered open port diferente a puertos habituales 8400,ec2-54-235-41-219.compute-1.amazonaws.com,Se ha detectado el puerto 8400 expuesto
ec2-54-235-41-219.compute-1.amazonaws.com,5,9,2024,HACKING TOOL,NMAP,Discovered open port diferente a puertos habituales 8300,ec2-54-235-41-219.compute-1.amazonaws.com,Se ha detectado el puerto 8300 expuesto
ec2-54-235-41-219.compute-1.amazonaws.com,5,9,2024,HACKING TOOL,NMAP,Discovered open port diferente a puertos habituales 22,ec2-54-235-41-219.compute-1.amazonaws.com,Se ha detectado el puerto 22 expuesto
ec2-54-235-41-219.compute-1.amazonaws.com,5,9,2024,HACKING TOOL,NMAP,Discovered open port diferente a puertos habituales 8888,ec2-54-235-41-219.compute-1.amazonaws.com,Se ha detectado el puerto 8888 expuesto
ec2-54-235-41-219.compute-1.amazonaws.com,5,9,2024,HACKING TOOL,WAF,No se ha identificado [wf0] y [wwf],ec2-54-235-41-219.compute-1.amazonaws.com,No se ha logrado escanear el WAF
ec2-54-235-41-219.compute-1.amazonaws.com,5,9,2024,HACKING TOOL,FUZZING WEB,"""statuscode"":""200""",ec2-54-235-41-219.compute-1.amazonaws.com,/
ec2-54-235-41-219.compute-1.amazonaws.com,5,9,2024,HACKING TOOL,FUZZING WEB,"""statuscode"":""307""",ec2-54-235-41-219.compute-1.amazonaws.com,/docs/
ec2-54-235-41-219.compute-1.amazonaws.com,5,9,2024,HACKING TOOL,FUZZING WEB,"""statuscode"":""200""",ec2-54-235-41-219.compute-1.amazonaws.com,/docs/oauth2-redirect
ec2-54-235-41-219.compute-1.amazonaws.com,5,9,2024,HACKING TOOL,FUZZING WEB,"""statuscode"":""200""",ec2-54-235-41-219.compute-1.amazonaws.com,/openapi.json
ec2-54-235-41-219.compute-1.amazonaws.com,5,9,2024,HACKING TOOL,FUZZING WEB,"""statuscode"":""200""",ec2-54-235-41-219.compute-1.amazonaws.com,/docs
ec2-54-235-41-219.compute-1.amazonaws.com,5,9,2024,HACKING TOOL,FUZZING WEB,"""statuscode"":""200""",ec2-54-235-41-219.compute-1.amazonaws.com,/health
ec2-54-235-41-219.compute-1.amazonaws.com,5,9,2024,API,SSL,Certificado SSL con algoritmo  en lugar de SHA256,ec2-54-235-41-219.compute-1.amazonaws.com,El certificado SSL usa un algoritmo () que no es el estándar seguro SHA256
ec2-54-235-41-219.compute-1.amazonaws.com,5,9,2024,API,SSL,issued_to no coincide con la url,ec2-54-235-41-219.compute-1.amazonaws.com,La firma del certificado no coincide que sea firmado para la url 
ec2-54-235-41-219.compute-1.amazonaws.com,5,9,2024,API,SSL,valid-days_to_expire < 120 dias,ec2-54-235-41-219.compute-1.amazonaws.com,El certificado puede expirar en los 120 dias restantes
ec2-54-235-41-219.compute-1.amazonaws.com,5,9,2024,API,SSL,ssl-key-size < 1024,ec2-54-235-41-219.compute-1.amazonaws.com,"El certificado puede ser sensible a ataques de fuerza bruta , algoritmo de cifrado debil"
ec2-54-235-41-219.compute-1.amazonaws.com,5,9,2024,HACKING TOOL,NMAP,Discovered open port diferente a puertos habituales,ec2-54-235-41-219.compute-1.amazonaws.com,Se ha detectado el puerto 8400 expuesto
ec2-54-235-41-219.compute-1.amazonaws.com,5,9,2024,HACKING TOOL,NMAP,Discovered open port diferente a puertos habituales,ec2-54-235-41-219.compute-1.amazonaws.com,Se ha detectado el puerto 8300 expuesto
ec2-54-235-41-219.compute-1.amazonaws.com,5,9,2024,HACKING TOOL,NMAP,Discovered open port diferente a puertos habituales,ec2-54-235-41-219.compute-1.amazonaws.com,Se ha detectado el puerto 22 expuesto
ec2-54-235-41-219.compute-1.amazonaws.com,5,9,2024,HACKING TOOL,NMAP,Discovered open port diferente a puertos habituales,ec2-54-235-41-219.compute-1.amazonaws.com,Se ha detectado el puerto 8888 expuesto
ec2-54-235-41-219.compute-1.amazonaws.com,5,9,2024,HACKING TOOL,WAF,No se ha identificado [wf0] y [wwf],ec2-54-235-41-219.compute-1.amazonaws.com,No se ha logrado escanear el WAF
ec2-54-235-41-219.compute-1.amazonaws.com,5,9,2024,HACKING TOOL,FUZZING WEB,"""statuscode"":""200""",ec2-54-235-41-219.compute-1.amazonaws.com,/
ec2-54-235-41-219.compute-1.amazonaws.com,5,9,2024,HACKING TOOL,FUZZING WEB,"""statuscode"":""307""",ec2-54-235-41-219.compute-1.amazonaws.com,/docs/
ec2-54-235-41-219.compute-1.amazonaws.com,5,9,2024,HACKING TOOL,FUZZING WEB,"""statuscode"":""200""",ec2-54-235-41-219.compute-1.amazonaws.com,/docs/oauth2-redirect
ec2-54-235-41-219.compute-1.amazonaws.com,5,9,2024,HACKING TOOL,FUZZING WEB,"""statuscode"":""200""",ec2-54-235-41-219.compute-1.amazonaws.com,/openapi.json
ec2-54-235-41-219.compute-1.amazonaws.com,5,9,2024,HACKING TOOL,FUZZING WEB,"""statuscode"":""200""",ec2-54-235-41-219.compute-1.amazonaws.com,/docs
ec2-54-235-41-219.compute-1.amazonaws.com,5,9,2024,HACKING TOOL,FUZZING WEB,"""statuscode"":""200""",ec2-54-235-41-219.compute-1.amazonaws.com,/health
ec2-54-235-41-219.compute-1.amazonaws.com,5,9,2024,API,SSL,Certificado SSL con algoritmo  en lugar de SHA256,ec2-54-235-41-219.compute-1.amazonaws.com,El certificado SSL usa un algoritmo () que no es el estándar seguro SHA256
ec2-54-235-41-219.compute-1.amazonaws.com,5,9,2024,API,SSL,issued_to no coincide con la url,ec2-54-235-41-219.compute-1.amazonaws.com,La firma del certificado no coincide que sea firmado para la url 
ec2-54-235-41-219.compute-1.amazonaws.com,5,9,2024,API,SSL,valid-days_to_expire < 120 dias,ec2-54-235-41-219.compute-1.amazonaws.com,El certificado puede expirar en los 120 dias restantes
ec2-54-235-41-219.compute-1.amazonaws.com,5,9,2024,API,SSL,ssl-key-size < 1024,ec2-54-235-41-219.compute-1.amazonaws.com,"El certificado puede ser sensible a ataques de fuerza bruta , algoritmo de cifrado debil"
ec2-54-235-41-219.compute-1.amazonaws.com,5,9,2024,HACKING TOOL,NMAP,Discovered open port diferente a puertos habituales,ec2-54-235-41-219.compute-1.amazonaws.com,Se ha detectado el puerto 8400 expuesto
ec2-54-235-41-219.compute-1.amazonaws.com,5,9,2024,HACKING TOOL,NMAP,Discovered open port diferente a puertos habituales,ec2-54-235-41-219.compute-1.amazonaws.com,Se ha detectado el puerto 8300 expuesto
ec2-54-235-41-219.compute-1.amazonaws.com,5,9,2024,HACKING TOOL,NMAP,Discovered open port diferente a puertos habituales,ec2-54-235-41-219.compute-1.amazonaws.com,Se ha detectado el puerto 22 expuesto
ec2-54-235-41-219.compute-1.amazonaws.com,5,9,2024,HACKING TOOL,NMAP,Discovered open port diferente a puertos habituales,ec2-54-235-41-219.compute-1.amazonaws.com,Se ha detectado el puerto 8888 expuesto
ec2-54-235-41-219.compute-1.amazonaws.com,5,9,2024,HACKING TOOL,WAF,No se ha identificado [wf0] y [wwf],ec2-54-235-41-219.compute-1.amazonaws.com,No se ha logrado escanear el WAF
ec2-54-235-41-219.compute-1.amazonaws.com,5,9,2024,HACKING TOOL,FUZZING WEB,"""statuscode"":""200""",ec2-54-235-41-219.compute-1.amazonaws.com,/
ec2-54-235-41-219.compute-1.amazonaws.com,5,9,2024,HACKING TOOL,FUZZING WEB,"""statuscode"":""307""",ec2-54-235-41-219.compute-1.amazonaws.com,/docs/
ec2-54-235-41-219.compute-1.amazonaws.com,5,9,2024,HACKING TOOL,FUZZING WEB,"""statuscode"":""200""",ec2-54-235-41-219.compute-1.amazonaws.com,/docs/oauth2-redirect
ec2-54-235-41-219.compute-1.amazonaws.com,5,9,2024,HACKING TOOL,FUZZING WEB,"""statuscode"":""200""",ec2-54-235-41-219.compute-1.amazonaws.com,/openapi.json
ec2-54-235-41-219.compute-1.amazonaws.com,5,9,2024,HACKING TOOL,FUZZING WEB,"""statuscode"":""200""",ec2-54-235-41-219.compute-1.amazonaws.com,/docs
ec2-54-235-41-219.compute-1.amazonaws.com,5,9,2024,HACKING TOOL,FUZZING WEB,"""statuscode"":""200""",ec2-54-235-41-219.compute-1.amazonaws.com,/health
serenityreport.apps.bancolombia.com,5,9,2024,API,SSL,ssl-key-size < 1024,serenityreport.apps.bancolombia.com,"El certificado puede ser sensible a ataques de fuerza bruta , algoritmo de cifrado debil"
serenityreport.apps.bancolombia.com,5,9,2024,HACKING TOOL,NMAP,Discovered open port diferente a puertos habituales,serenityreport.apps.bancolombia.com,Se ha detectado el puerto 22 expuesto
serenityreport.apps.bancolombia.com,5,9,2024,HACKING TOOL,FUZZING WEB,"""statuscode"":""200""",serenityreport.apps.bancolombia.com,/cp.webp
serenityreport.apps.bancolombia.com,5,9,2024,HACKING TOOL,FUZZING WEB,"""statuscode"":""200""",serenityreport.apps.bancolombia.com,/a.tgz
serenityreport.apps.bancolombia.com,5,9,2024,HACKING TOOL,FUZZING WEB,"""statuscode"":""200""",serenityreport.apps.bancolombia.com,/library.php
serenityreport.apps.bancolombia.com,5,9,2024,HACKING TOOL,FUZZING WEB,"""statuscode"":""200""",serenityreport.apps.bancolombia.com,/contacts.tgz
serenityreport.apps.bancolombia.com,5,9,2024,HACKING TOOL,FUZZING WEB,"""statuscode"":""200""",serenityreport.apps.bancolombia.com,/clientscript.gz
serenityreport.apps.bancolombia.com,5,9,2024,HACKING TOOL,FUZZING WEB,"""statuscode"":""200""",serenityreport.apps.bancolombia.com,/image/x-icon
serenityreport.apps.bancolombia.com,5,9,2024,HACKING TOOL,FUZZING WEB,"""statuscode"":""200""",serenityreport.apps.bancolombia.com,/calendar.gz
serenityreport.apps.bancolombia.com,5,9,2024,HACKING TOOL,FUZZING WEB,"""statuscode"":""200""",serenityreport.apps.bancolombia.com,/cp.svg
serenityreport.apps.bancolombia.com,5,9,2024,HACKING TOOL,FUZZING WEB,"""statuscode"":""200""",serenityreport.apps.bancolombia.com,/a.webp
serenityreport.apps.bancolombia.com,5,9,2024,HACKING TOOL,FUZZING WEB,"""statuscode"":""200""",serenityreport.apps.bancolombia.com,/poll.json
serenityreport.apps.bancolombia.com,5,9,2024,HACKING TOOL,FUZZING WEB,"""statuscode"":""200""",serenityreport.apps.bancolombia.com,/product_compare.tgz
serenityreport.apps.bancolombia.com,5,9,2024,HACKING TOOL,FUZZING WEB,"""statuscode"":""200""",serenityreport.apps.bancolombia.com,/upgrade.json
serenityreport.apps.bancolombia.com,5,9,2024,HACKING TOOL,FUZZING WEB,"""statuscode"":""200""",serenityreport.apps.bancolombia.com,/library.js
serenityreport.apps.bancolombia.com,5,9,2024,HACKING TOOL,FUZZING WEB,"""statuscode"":""200""",serenityreport.apps.bancolombia.com,/contacts.webp
serenityreport.apps.bancolombia.com,5,9,2024,HACKING TOOL,FUZZING WEB,"""statuscode"":""200""",serenityreport.apps.bancolombia.com,/public.webp
serenityreport.apps.bancolombia.com,5,9,2024,HACKING TOOL,FUZZING WEB,"""statuscode"":""200""",serenityreport.apps.bancolombia.com,/calendar.tgz
serenityreport.apps.bancolombia.com,5,9,2024,HACKING TOOL,FUZZING WEB,"""statuscode"":""200""",serenityreport.apps.bancolombia.com,/library.txt
serenityreport.apps.bancolombia.com,5,9,2024,HACKING TOOL,FUZZING WEB,"""statuscode"":""200""",serenityreport.apps.bancolombia.com,/poll.php
serenityreport.apps.bancolombia.com,5,9,2024,HACKING TOOL,FUZZING WEB,"""statuscode"":""200""",serenityreport.apps.bancolombia.com,/upgrade.php
serenityreport.apps.bancolombia.com,5,9,2024,HACKING TOOL,FUZZING WEB,"""statuscode"":""200""",serenityreport.apps.bancolombia.com,/product_compare.webp
serenityreport.apps.bancolombia.com,5,9,2024,HACKING TOOL,FUZZING WEB,"""statuscode"":""200""",serenityreport.apps.bancolombia.com,/a.svg
serenityreport.apps.bancolombia.com,5,9,2024,API,SSL,ssl-key-size < 1024,serenityreport.apps.bancolombia.com,"El certificado puede ser sensible a ataques de fuerza bruta , algoritmo de cifrado debil"
serenityreport.apps.bancolombia.com,5,9,2024,HACKING TOOL,NMAP,Discovered open port diferente a puertos habituales,serenityreport.apps.bancolombia.com,Se ha detectado el puerto 22 expuesto
serenityreport.apps.bancolombia.com,5,9,2024,HACKING TOOL,FUZZING WEB,"""statuscode"":""200""",serenityreport.apps.bancolombia.com,/cp.webp
serenityreport.apps.bancolombia.com,5,9,2024,HACKING TOOL,FUZZING WEB,"""statuscode"":""200""",serenityreport.apps.bancolombia.com,/a.tgz
serenityreport.apps.bancolombia.com,5,9,2024,HACKING TOOL,FUZZING WEB,"""statuscode"":""200""",serenityreport.apps.bancolombia.com,/library.php
serenityreport.apps.bancolombia.com,5,9,2024,HACKING TOOL,FUZZING WEB,"""statuscode"":""200""",serenityreport.apps.bancolombia.com,/contacts.tgz
serenityreport.apps.bancolombia.com,5,9,2024,HACKING TOOL,FUZZING WEB,"""statuscode"":""200""",serenityreport.apps.bancolombia.com,/clientscript.gz
serenityreport.apps.bancolombia.com,5,9,2024,HACKING TOOL,FUZZING WEB,"""statuscode"":""200""",serenityreport.apps.bancolombia.com,/image/x-icon
serenityreport.apps.bancolombia.com,5,9,2024,HACKING TOOL,FUZZING WEB,"""statuscode"":""200""",serenityreport.apps.bancolombia.com,/calendar.gz
serenityreport.apps.bancolombia.com,5,9,2024,HACKING TOOL,FUZZING WEB,"""statuscode"":""200""",serenityreport.apps.bancolombia.com,/cp.svg
serenityreport.apps.bancolombia.com,5,9,2024,HACKING TOOL,FUZZING WEB,"""statuscode"":""200""",serenityreport.apps.bancolombia.com,/a.webp
serenityreport.apps.bancolombia.com,5,9,2024,HACKING TOOL,FUZZING WEB,"""statuscode"":""200""",serenityreport.apps.bancolombia.com,/poll.json
serenityreport.apps.bancolombia.com,5,9,2024,HACKING TOOL,FUZZING WEB,"""statuscode"":""200""",serenityreport.apps.bancolombia.com,/product_compare.tgz
serenityreport.apps.bancolombia.com,5,9,2024,HACKING TOOL,FUZZING WEB,"""statuscode"":""200""",serenityreport.apps.bancolombia.com,/upgrade.json
serenityreport.apps.bancolombia.com,5,9,2024,HACKING TOOL,FUZZING WEB,"""statuscode"":""200""",serenityreport.apps.bancolombia.com,/library.js
serenityreport.apps.bancolombia.com,5,9,2024,HACKING TOOL,FUZZING WEB,"""statuscode"":""200""",serenityreport.apps.bancolombia.com,/contacts.webp
serenityreport.apps.bancolombia.com,5,9,2024,HACKING TOOL,FUZZING WEB,"""statuscode"":""200""",serenityreport.apps.bancolombia.com,/public.webp
serenityreport.apps.bancolombia.com,5,9,2024,HACKING TOOL,FUZZING WEB,"""statuscode"":""200""",serenityreport.apps.bancolombia.com,/calendar.tgz
serenityreport.apps.bancolombia.com,5,9,2024,HACKING TOOL,FUZZING WEB,"""statuscode"":""200""",serenityreport.apps.bancolombia.com,/library.txt
serenityreport.apps.bancolombia.com,5,9,2024,HACKING TOOL,FUZZING WEB,"""statuscode"":""200""",serenityreport.apps.bancolombia.com,/poll.php
serenityreport.apps.bancolombia.com,5,9,2024,HACKING TOOL,FUZZING WEB,"""statuscode"":""200""",serenityreport.apps.bancolombia.com,/upgrade.php
serenityreport.apps.bancolombia.com,5,9,2024,HACKING TOOL,FUZZING WEB,"""statuscode"":""200""",serenityreport.apps.bancolombia.com,/product_compare.webp
serenityreport.apps.bancolombia.com,5,9,2024,HACKING TOOL,FUZZING WEB,"""statuscode"":""200""",serenityreport.apps.bancolombia.com,/a.svg
ec2-54-235-41-219.compute-1.amazonaws.com,5,9,2024,API,SSL,Certificado SSL con algoritmo  en lugar de SHA256,ec2-54-235-41-219.compute-1.amazonaws.com,El certificado SSL usa un algoritmo () que no es el estándar seguro SHA256
ec2-54-235-41-219.compute-1.amazonaws.com,5,9,2024,API,SSL,issued_to no coincide con la url,ec2-54-235-41-219.compute-1.amazonaws.com,La firma del certificado no coincide que sea firmado para la url 
ec2-54-235-41-219.compute-1.amazonaws.com,5,9,2024,API,SSL,valid-days_to_expire < 120 dias,ec2-54-235-41-219.compute-1.amazonaws.com,El certificado puede expirar en los 120 dias restantes
ec2-54-235-41-219.compute-1.amazonaws.com,5,9,2024,API,SSL,ssl-key-size < 1024,ec2-54-235-41-219.compute-1.amazonaws.com,"El certificado puede ser sensible a ataques de fuerza bruta , algoritmo de cifrado debil"
ec2-54-235-41-219.compute-1.amazonaws.com,5,9,2024,HACKING TOOL,NMAP,Discovered open port diferente a puertos habituales,ec2-54-235-41-219.compute-1.amazonaws.com,Se ha detectado el puerto 8400 expuesto
ec2-54-235-41-219.compute-1.amazonaws.com,5,9,2024,HACKING TOOL,NMAP,Discovered open port diferente a puertos habituales,ec2-54-235-41-219.compute-1.amazonaws.com,Se ha detectado el puerto 8300 expuesto
ec2-54-235-41-219.compute-1.amazonaws.com,5,9,2024,HACKING TOOL,NMAP,Discovered open port diferente a puertos habituales,ec2-54-235-41-219.compute-1.amazonaws.com,Se ha detectado el puerto 22 expuesto
ec2-54-235-41-219.compute-1.amazonaws.com,5,9,2024,HACKING TOOL,NMAP,Discovered open port diferente a puertos habituales,ec2-54-235-41-219.compute-1.amazonaws.com,Se ha detectado el puerto 8888 expuesto
ec2-54-235-41-219.compute-1.amazonaws.com,5,9,2024,HACKING TOOL,WAF,No se ha identificado [wf0] y [wwf],ec2-54-235-41-219.compute-1.amazonaws.com,No se ha logrado escanear el WAF
ec2-54-235-41-219.compute-1.amazonaws.com,5,9,2024,HACKING TOOL,FUZZING WEB,"""statuscode"":""200""",ec2-54-235-41-219.compute-1.amazonaws.com,/
ec2-54-235-41-219.compute-1.amazonaws.com,5,9,2024,HACKING TOOL,FUZZING WEB,"""statuscode"":""307""",ec2-54-235-41-219.compute-1.amazonaws.com,/docs/
ec2-54-235-41-219.compute-1.amazonaws.com,5,9,2024,HACKING TOOL,FUZZING WEB,"""statuscode"":""200""",ec2-54-235-41-219.compute-1.amazonaws.com,/docs/oauth2-redirect
ec2-54-235-41-219.compute-1.amazonaws.com,5,9,2024,HACKING TOOL,FUZZING WEB,"""statuscode"":""200""",ec2-54-235-41-219.compute-1.amazonaws.com,/openapi.json
ec2-54-235-41-219.compute-1.amazonaws.com,5,9,2024,HACKING TOOL,FUZZING WEB,"""statuscode"":""200""",ec2-54-235-41-219.compute-1.amazonaws.com,/docs
ec2-54-235-41-219.compute-1.amazonaws.com,5,9,2024,HACKING TOOL,FUZZING WEB,"""statuscode"":""200""",ec2-54-235-41-219.compute-1.amazonaws.com,/health
bintec.eventosbancolombia.com,6,9,2024,HACKING TOOL,NMAP,Discovered open port diferente a puertos habituales,bintec.eventosbancolombia.com,Se ha detectado el puerto 22 expuesto
bintec.eventosbancolombia.com,6,9,2024,HACKING TOOL,FUZZING WEB,"""statuscode"":""200""",bintec.eventosbancolombia.com,/wp-content/plugins/say-what/assets/build/frontend.js
bintec.eventosbancolombia.com,6,9,2024,HACKING TOOL,FUZZING WEB,"""statuscode"":""200""",bintec.eventosbancolombia.com,/wp-content/plugins/wpdevart-countdown-pro/includes/gutenberg/style.css
bintec.eventosbancolombia.com,6,9,2024,HACKING TOOL,FUZZING WEB,"""statuscode"":""200""",bintec.eventosbancolombia.com,/wp-content/plugins/ultimate-member/assets/js/common-frontend.min.js
bintec.eventosbancolombia.com,6,9,2024,HACKING TOOL,FUZZING WEB,"""statuscode"":""200""",bintec.eventosbancolombia.com,/wp-content/plugins/ultimate-member/assets/libs/pickadate/picker.time.min.js
bintec.eventosbancolombia.com,6,9,2024,HACKING TOOL,FUZZING WEB,"""statuscode"":""200""",bintec.eventosbancolombia.com,/wp-content/plugins/ultimate-member/assets/js/um-modal.min.js
bintec.eventosbancolombia.com,6,9,2024,HACKING TOOL,FUZZING WEB,"""statuscode"":""200""",bintec.eventosbancolombia.com,/wp-content/themes/astra/assets/js/minified/flexibility.min.js
bintec.eventosbancolombia.com,6,9,2024,HACKING TOOL,FUZZING WEB,"""statuscode"":""200""",bintec.eventosbancolombia.com,/wp-content/uploads/elementor/css/post-168.css
bintec.eventosbancolombia.com,6,9,2024,HACKING TOOL,FUZZING WEB,"""statuscode"":""200""",bintec.eventosbancolombia.com,/wp-content/plugins/ultimate-member/assets/libs/legacy/fonticons/fonticons-fa.min.css
bintec.eventosbancolombia.com,6,9,2024,HACKING TOOL,FUZZING WEB,"""statuscode"":""200""",bintec.eventosbancolombia.com,/wp-content/plugins/elementor/assets/css/frontend-lite.min.css
bintec.eventosbancolombia.com,6,9,2024,HACKING TOOL,FUZZING WEB,"""statuscode"":""200""",bintec.eventosbancolombia.com,/wp-includes/js/dist/i18n.min.js
bintec.eventosbancolombia.com,6,9,2024,HACKING TOOL,FUZZING WEB,"""statuscode"":""200""",bintec.eventosbancolombia.com,/wp-content/plugins/ultimate-member/assets/css/um-modal.min.css
bintec.eventosbancolombia.com,6,9,2024,HACKING TOOL,FUZZING WEB,"""statuscode"":""200""",bintec.eventosbancolombia.com,/wp-content/plugins/ultimate-member/assets/libs/select2/select2.full.min.js
bintec.eventosbancolombia.com,6,9,2024,HACKING TOOL,FUZZING WEB,"""statuscode"":""200""",bintec.eventosbancolombia.com,/wp-content/plugins/ultimate-member/assets/libs/pickadate/default.time.min.css
bintec.eventosbancolombia.com,6,9,2024,HACKING TOOL,FUZZING WEB,"""statuscode"":""200""",bintec.eventosbancolombia.com,/wp-content/plugins/ultimate-member/assets/css/um-responsive.min.css
bintec.eventosbancolombia.com,6,9,2024,HACKING TOOL,FUZZING WEB,"""statuscode"":""200""",bintec.eventosbancolombia.com,/wp-content/plugins/wpdevart-countdown-pro/includes/javascript/front_end_js.js
bintec.eventosbancolombia.com,6,9,2024,HACKING TOOL,FUZZING WEB,"""statuscode"":""200""",bintec.eventosbancolombia.com,/wp-content/plugins/elementor/assets/js/frontend-modules.min.js
bintec.eventosbancolombia.com,6,9,2024,HACKING TOOL,FUZZING WEB,"""statuscode"":""200""",bintec.eventosbancolombia.com,/wp-content/plugins/ultimate-member/assets/css/um-account.min.css
bintec.eventosbancolombia.com,6,9,2024,HACKING TOOL,FUZZING WEB,"""statuscode"":""200""",bintec.eventosbancolombia.com,/wp-includes/js/jquery/jquery-migrate.min.js
bintec.eventosbancolombia.com,6,9,2024,HACKING TOOL,FUZZING WEB,"""statuscode"":""200""",bintec.eventosbancolombia.com,/wp-content/uploads/elementor/css/post-47.css
bintec.eventosbancolombia.com,6,9,2024,HACKING TOOL,FUZZING WEB,"""statuscode"":""200""",bintec.eventosbancolombia.com,/wp-content/plugins/ultimate-member/assets/libs/cropper/cropper.min.css
bintec.eventosbancolombia.com,6,9,2024,HACKING TOOL,FUZZING WEB,"""statuscode"":""200""",bintec.eventosbancolombia.com,/wp-content/plugins/ultimate-member/assets/libs/raty/um-raty.min.js
bintec.eventosbancolombia.com,6,9,2024,HACKING TOOL,FUZZING WEB,"""statuscode"":""200""",bintec.eventosbancolombia.com,/wp-content/plugins/wpdevart-countdown-pro/includes/javascript/jquery.timeTo.min.js
bintec.eventosbancolombia.com,6,9,2024,HACKING TOOL,FUZZING WEB,"""statuscode"":""200""",bintec.eventosbancolombia.com,/wp-content/uploads/2024/08/Mujer-de-perfil-768x655.png
bintec.eventosbancolombia.com,6,9,2024,HACKING TOOL,FUZZING WEB,"""statuscode"":""200""",bintec.eventosbancolombia.com,/wp-content/uploads/2024/07/cropped-Recurso-1-270x270.png
bintec.eventosbancolombia.com,6,9,2024,HACKING TOOL,FUZZING WEB,"""statuscode"":""200""",bintec.eventosbancolombia.com,/wp-includes/js/dist/hooks.min.js
bintec.eventosbancolombia.com,6,9,2024,HACKING TOOL,FUZZING WEB,"""statuscode"":""200""",bintec.eventosbancolombia.com,/wp-content/plugins/ultimate-member/assets/libs/pickadate/picker.min.js
bintec.eventosbancolombia.com,6,9,2024,HACKING TOOL,FUZZING WEB,"""statuscode"":""200""",bintec.eventosbancolombia.com,/wp-content/plugins/elementor/assets/lib/waypoints/waypoints.min.js
bintec.eventosbancolombia.com,6,9,2024,HACKING TOOL,FUZZING WEB,"""statuscode"":""200""",bintec.eventosbancolombia.com,/wp-content/plugins/ultimate-member/assets/js/um-scripts.min.js
bintec.eventosbancolombia.com,6,9,2024,HACKING TOOL,FUZZING WEB,"""statuscode"":""200""",bintec.eventosbancolombia.com,/wp-content/plugins/ultimate-member/assets/libs/select2/select2.min.css
bintec.eventosbancolombia.com,6,9,2024,HACKING TOOL,FUZZING WEB,"""statuscode"":""200""",bintec.eventosbancolombia.com,/wp-content/uploads/2024/07/cropped-Recurso-1-192x192.png
bintec.eventosbancolombia.com,6,9,2024,HACKING TOOL,FUZZING WEB,"""statuscode"":""200""",bintec.eventosbancolombia.com,/wp-includes/js/underscore.min.js
bintec.eventosbancolombia.com,6,9,2024,HACKING TOOL,FUZZING WEB,"""statuscode"":""200""",bintec.eventosbancolombia.com,/wp-content/plugins/ultimate-member/assets/css/common.min.css
bintec.eventosbancolombia.com,6,9,2024,HACKING TOOL,FUZZING WEB,"""statuscode"":""200""",bintec.eventosbancolombia.com,/wp-content/plugins/breeze/assets/js/js-front-end/breeze-prefetch-links.min.js
bintec.eventosbancolombia.com,6,9,2024,HACKING TOOL,FUZZING WEB,"""statuscode"":""200""",bintec.eventosbancolombia.com,/wp-content/uploads/2024/07/cropped-Recurso-1-180x180.png
bintec.eventosbancolombia.com,6,9,2024,HACKING TOOL,FUZZING WEB,"""statuscode"":""200""",bintec.eventosbancolombia.com,/wp-content/plugins/wpdevart-countdown-pro/includes/javascript/jquery.classycountdown.js
bintec.eventosbancolombia.com,6,9,2024,HACKING TOOL,FUZZING WEB,"""statuscode"":""200""",bintec.eventosbancolombia.com,/wp-content/plugins/ultimate-member/assets/libs/tipsy/tipsy.min.css
bintec.eventosbancolombia.com,6,9,2024,HACKING TOOL,FUZZING WEB,"""statuscode"":""200""",bintec.eventosbancolombia.com,/wp-content/uploads/2024/08/Recurso-22024.png
bintec.eventosbancolombia.com,6,9,2024,HACKING TOOL,FUZZING WEB,"""statuscode"":""200""",bintec.eventosbancolombia.com,/wp-content/plugins/ultimate-member/assets/libs/select2/i18n/es.js
bintec.eventosbancolombia.com,6,9,2024,HACKING TOOL,FUZZING WEB,"""statuscode"":""200""",bintec.eventosbancolombia.com,/wp-content/uploads/2024/08/Recurso-1BINTEC.png
bintec.eventosbancolombia.com,6,9,2024,HACKING TOOL,FUZZING WEB,"""statuscode"":""200""",bintec.eventosbancolombia.com,/wp-content/uploads/elementor/css/global.css
bintec.eventosbancolombia.com,6,9,2024,HACKING TOOL,FUZZING WEB,"""statuscode"":""200""",bintec.eventosbancolombia.com,/wp-content/plugins/ultimate-member/assets/js/um-account.min.js
bintec.eventosbancolombia.com,6,9,2024,HACKING TOOL,FUZZING WEB,"""statuscode"":""200""",bintec.eventosbancolombia.com,/wp-content/plugins/ultimate-member/assets/css/um-fileupload.min.css
bintec.eventosbancolombia.com,6,9,2024,HACKING TOOL,FUZZING WEB,"""statuscode"":""200""",bintec.eventosbancolombia.com,/wp-includes/js/jquery/ui/core.min.js
bintec.eventosbancolombia.com,6,9,2024,HACKING TOOL,FUZZING WEB,"""statuscode"":""200""",bintec.eventosbancolombia.com,/wp-includes/js/jquery/jquery.min.js
bintec.eventosbancolombia.com,6,9,2024,HACKING TOOL,FUZZING WEB,"""statuscode"":""200""",bintec.eventosbancolombia.com,/wp-content/plugins/ultimate-member/assets/libs/um-confirm/um-confirm.min.css
bintec.eventosbancolombia.com,6,9,2024,HACKING TOOL,FUZZING WEB,"""statuscode"":""200""",bintec.eventosbancolombia.com,/wp-content/plugins/ultimate-member/assets/js/um-gdpr.min.js
bintec.eventosbancolombia.com,6,9,2024,HACKING TOOL,FUZZING WEB,"""statuscode"":""200""",bintec.eventosbancolombia.com,/wp-content/plugins/elementor/assets/lib/swiper/v8/css/swiper.min.css
bintec.eventosbancolombia.com,6,9,2024,HACKING TOOL,FUZZING WEB,"""statuscode"":""301""",bintec.eventosbancolombia.com,/wp-content
bintec.eventosbancolombia.com,6,9,2024,HACKING TOOL,FUZZING WEB,"""statuscode"":""200""",bintec.eventosbancolombia.com,/wp-content/plugins/ultimate-member/assets/js/um-responsive.min.js
bintec.eventosbancolombia.com,6,9,2024,HACKING TOOL,FUZZING WEB,"""statuscode"":""200""",bintec.eventosbancolombia.com,/wp-content/uploads/2024/08/Recurso-2Fechas.png
bintec.eventosbancolombia.com,6,9,2024,HACKING TOOL,FUZZING WEB,"""statuscode"":""200""",bintec.eventosbancolombia.com,/wp-content/plugins/ultimate-member/assets/css/um-old-default.min.css
bintec.eventosbancolombia.com,6,9,2024,HACKING TOOL,FUZZING WEB,"""statuscode"":""200""",bintec.eventosbancolombia.com,/wp-content/themes/astra/assets/js/minified/frontend.min.js
bintec.eventosbancolombia.com,6,9,2024,HACKING TOOL,FUZZING WEB,"""statuscode"":""200""",bintec.eventosbancolombia.com,/wp-content/plugins/wpdevart-countdown-pro/includes/style/effects.css
bintec.eventosbancolombia.com,6,9,2024,HACKING TOOL,FUZZING WEB,"""statuscode"":""200""",bintec.eventosbancolombia.com,/wp-content/uploads/2024/07/cropped-Recurso-1-32x32.png
bintec.eventosbancolombia.com,6,9,2024,HACKING TOOL,FUZZING WEB,"""statuscode"":""200""",bintec.eventosbancolombia.com,/wp-content/plugins/ultimate-member/assets/css/um-profile.min.css
bintec.eventosbancolombia.com,6,9,2024,HACKING TOOL,FUZZING WEB,"""statuscode"":""200""",bintec.eventosbancolombia.com,/wp-content/plugins/ultimate-member/assets/libs/pickadate/picker.date.min.js
bintec.eventosbancolombia.com,6,9,2024,HACKING TOOL,FUZZING WEB,"""statuscode"":""200""",bintec.eventosbancolombia.com,/wp-content/plugins/ultimate-member/assets/libs/raty/um-raty.min.css
bintec.eventosbancolombia.com,6,9,2024,HACKING TOOL,FUZZING WEB,"""statuscode"":""200""",bintec.eventosbancolombia.com,/wp-content/plugins/ultimate-member/assets/css/um-fontawesome.min.css
bintec.eventosbancolombia.com,6,9,2024,HACKING TOOL,FUZZING WEB,"""statuscode"":""200""",bintec.eventosbancolombia.com,/wp-content/plugins/ultimate-member/assets/libs/fileupload/fileupload.js
bintec.eventosbancolombia.com,6,9,2024,HACKING TOOL,FUZZING WEB,"""statuscode"":""200""",bintec.eventosbancolombia.com,/wp-content/themes/astra/assets/css/minified/main.min.css
bintec.eventosbancolombia.com,6,9,2024,HACKING TOOL,FUZZING WEB,"""statuscode"":""200""",bintec.eventosbancolombia.com,/wp-content/plugins/wpdevart-countdown-pro/includes/style/style.css
bintec.eventosbancolombia.com,6,9,2024,HACKING TOOL,FUZZING WEB,"""statuscode"":""200""",bintec.eventosbancolombia.com,/wp-content/plugins/elementor/assets/js/frontend.min.js
bintec.eventosbancolombia.com,6,9,2024,HACKING TOOL,FUZZING WEB,"""statuscode"":""200""",bintec.eventosbancolombia.com,/wp-content/plugins/ultimate-member/assets/css/um-styles.min.css
bintec.eventosbancolombia.com,6,9,2024,HACKING TOOL,FUZZING WEB,"""statuscode"":""200""",bintec.eventosbancolombia.com,/wp-includes/css/dashicons.min.css
bintec.eventosbancolombia.com,6,9,2024,HACKING TOOL,FUZZING WEB,"""statuscode"":""200""",bintec.eventosbancolombia.com,/wp-content/plugins/ultimate-member/assets/js/common.min.js
bintec.eventosbancolombia.com,6,9,2024,HACKING TOOL,FUZZING WEB,"""statuscode"":""200""",bintec.eventosbancolombia.com,/wp-includes/js/thickbox/thickbox.js
bintec.eventosbancolombia.com,6,9,2024,HACKING TOOL,FUZZING WEB,"""statuscode"":""200""",bintec.eventosbancolombia.com,/wp-includes/js/thickbox/thickbox.css
bintec.eventosbancolombia.com,6,9,2024,HACKING TOOL,FUZZING WEB,"""statuscode"":""200""",bintec.eventosbancolombia.com,/wp-content/plugins/ultimate-member/assets/libs/pickadate/default.min.css
bintec.eventosbancolombia.com,6,9,2024,HACKING TOOL,FUZZING WEB,"""statuscode"":""200""",bintec.eventosbancolombia.com,/wp-content/plugins/ultimate-member/assets/libs/um-confirm/um-confirm.min.js
bintec.eventosbancolombia.com,6,9,2024,HACKING TOOL,FUZZING WEB,"""statuscode"":""200""",bintec.eventosbancolombia.com,/wp-content/plugins/wpdevart-countdown-pro/includes/javascript/jquery.throttle.js
bintec.eventosbancolombia.com,6,9,2024,HACKING TOOL,FUZZING WEB,"""statuscode"":""200""",bintec.eventosbancolombia.com,/wp-content/plugins/ultimate-member/assets/libs/pickadate/default.date.min.css
bintec.eventosbancolombia.com,6,9,2024,HACKING TOOL,FUZZING WEB,"""statuscode"":""200""",bintec.eventosbancolombia.com,/wp-content/plugins/ultimate-member/assets/libs/jquery-form/jquery-form.min.js
bintec.eventosbancolombia.com,6,9,2024,HACKING TOOL,FUZZING WEB,"""statuscode"":""200""",bintec.eventosbancolombia.com,/wp-content/plugins/ultimate-member/assets/libs/legacy/fonticons/fonticons-ii.min.css
bintec.eventosbancolombia.com,6,9,2024,HACKING TOOL,FUZZING WEB,"""statuscode"":""200""",bintec.eventosbancolombia.com,/wp-content/plugins/ultimate-member/assets/libs/tipsy/tipsy.min.js
bintec.eventosbancolombia.com,6,9,2024,HACKING TOOL,FUZZING WEB,"""statuscode"":""200""",bintec.eventosbancolombia.com,/wp-content/plugins/ultimate-member/assets/libs/cropper/cropper.min.js
bintec.eventosbancolombia.com,6,9,2024,HACKING TOOL,FUZZING WEB,"""statuscode"":""200""",bintec.eventosbancolombia.com,/wp-includes/js/wp-util.min.js
bintec.eventosbancolombia.com,6,9,2024,HACKING TOOL,FUZZING WEB,"""statuscode"":""200""",bintec.eventosbancolombia.com,/wp-content/uploads/2024/08/Recurso-2@4x-200x26.png
bintec.eventosbancolombia.com,6,9,2024,HACKING TOOL,FUZZING WEB,"""statuscode"":""200""",bintec.eventosbancolombia.com,/wp-content/plugins/ultimate-member/assets/js/um-functions.min.js
bintec.eventosbancolombia.com,6,9,2024,HACKING TOOL,FUZZING WEB,"""statuscode"":""200""",bintec.eventosbancolombia.com,/wp-content/plugins/ultimate-member/assets/libs/jquery-ui/jquery-ui.min.css
bintec.eventosbancolombia.com,6,9,2024,HACKING TOOL,FUZZING WEB,"""statuscode"":""200""",bintec.eventosbancolombia.com,/wp-content/plugins/ultimate-member/assets/js/um-conditional.min.js
bintec.eventosbancolombia.com,6,9,2024,HACKING TOOL,FUZZING WEB,"""statuscode"":""200""",bintec.eventosbancolombia.com,/wp-content/plugins/wpdevart-countdown-pro/includes/javascript/jquery.knob.js
bintec.eventosbancolombia.com,6,9,2024,HACKING TOOL,FUZZING WEB,"""statuscode"":""200""",bintec.eventosbancolombia.com,/wp-content/plugins/ultimate-member/assets/css/um-misc.min.css
bintec.eventosbancolombia.com,6,9,2024,HACKING TOOL,FUZZING WEB,"""statuscode"":""200""",bintec.eventosbancolombia.com,/wp-content/plugins/ultimate-member/assets/libs/pickadate/translations/es_ES.min.js
bintec.eventosbancolombia.com,6,9,2024,HACKING TOOL,FUZZING WEB,"""statuscode"":""200""",bintec.eventosbancolombia.com,/wp-content/plugins/elementor/assets/js/webpack.runtime.min.js
bintec.eventosbancolombia.com,6,9,2024,HACKING TOOL,FUZZING WEB,"""statuscode"":""200""",bintec.eventosbancolombia.com,/wp-content/plugins/ultimate-member/assets/js/um-profile.min.js
bintec.eventosbancolombia.com,6,9,2024,HACKING TOOL,FUZZING WEB,"""statuscode"":""200""",bintec.eventosbancolombia.com,/
bintec.eventosbancolombia.com,6,9,2024,HACKING TOOL,FUZZING WEB,"""statuscode"":""301""",bintec.eventosbancolombia.com,/wp-admin
bintec.eventosbancolombia.com,6,9,2024,HACKING TOOL,FUZZING WEB,"""statuscode"":""301""",bintec.eventosbancolombia.com,/wp-includes
bintec.eventosbancolombia.com,6,9,2024,HACKING TOOL,FUZZING WEB,"""statuscode"":""200""",bintec.eventosbancolombia.com,/1-2/registro/
